{
    "OTQ5MDU1MDcwOTAzODc3NjMy.YiE0xQ.l9sbu2wW0cHSx_fIY_OWd3_Chao": {
        "boostedAt": "1649536623.8621235",
        "boostFinishAt": "1652128623.8621235"
    },
    "OTQ5MDU0NzI0NjEzNzU0OTEw.YiE0qQ.BAe-ju_Lc9qaCGFDTPth_AixKd8": {
        "boostedAt": "1649536628.3310685",
        "boostFinishAt": "1652128628.3310685"
    },
    "OTQ5MDU0NTc2ODczNTc0NDYy.YiE0oQ.klaZSc3yeGFB6oqfrVp3Dp4zHRw": {
        "boostedAt": "1649537481.6626203",
        "boostFinishAt": "1652129481.6626203"
    },
    "OTUwMDUxOTM4OTgzMTA0NTYz.YiTU1A.OYh-mzQn2fq7SgYaEK2robu6yFo": {
        "boostedAt": "1649537511.8057044",
        "boostFinishAt": "1652129511.8057044"
    },
    "OTUwMDQ5MDAzOTcyNzMwOTEx.YiTUtA.1sOJ_hsQx7v44Iak3hH7C7mC3RU": {
        "boostedAt": "1649537515.43043",
        "boostFinishAt": "1652129515.43043"
    },
    "OTUwMDUyMTcwNTg0MTkwOTc2.YiTUrw.noAJpLFCgoaVq0QSGXphT4dUP2s": {
        "boostedAt": "1649537531.3212554",
        "boostFinishAt": "1652129531.3212554"
    },
    "OTQ5MDU1MjM1MzM3MzY3NjMy.YlCezg.SxTNBqw6zOe_a7EVU0mNHYgeF80": {
        "boostedAt": "1649546822.5073261",
        "boostFinishAt": "1652138822.5073261"
    },
    "OTQ5MDU0MzMzODI2MjY1MTI4.YlCfRw.MPmEnUlydmV_ljUD2fWvYqF38o8": {
        "boostedAt": "1649546827.4607334",
        "boostFinishAt": "1652138827.4607334"
    },
    "OTQ5MDU0MjMzNDk0MzEwOTEz.YlCfuw.tW9sqDUAZBD6yyynMsZ7PgpldAU": {
        "boostedAt": "1649546850.0538802",
        "boostFinishAt": "1652138850.0538802"
    },
    "OTQ5MDU3NjM0NTA0NDM3ODMw.YiE2iw.qqbuEM2E_r2uY24HeRZHlN3JcNI": {
        "boostedAt": "1649546853.96027",
        "boostFinishAt": "1652138853.96027"
    },
    "OTQ5MDU2Mzg0Mjg3MjQ0Mjg4.YiE2gA.ouNKw3CmZB8AiC984qFH0shvlwQ": {
        "boostedAt": "1649546877.7101343",
        "boostFinishAt": "1652138877.7101343"
    },
    "OTQ5MDU2MzgwMzYxMzk2MjI0.YiE2ZA.IAMmOQD02yUhiIs22di8-d16PmA": {
        "boostedAt": "1649546882.3040862",
        "boostFinishAt": "1652138882.3040862"
    },
    "OTQ5MDU2NjA5MTY0ODY1NTY2.YiE2WQ.o8pbQV28QCSIt4xhbEh9FaBluI0": {
        "boostedAt": "1649546886.9447043",
        "boostFinishAt": "1652138886.9447043"
    },
    "OTQ5MDU0NTcyNDEwODYzNjU4.YiE2PQ.oVCmcuRFE1lfh-GgX0MXyjzQOxM": {
        "boostedAt": "1649546909.382088",
        "boostFinishAt": "1652138909.382088"
    },
    "OTQ5MDU2NzkzNDg3NzY5NjIx.YiE2MA.B5eE7my_qvA4Gfk71LUkaH5n2G0": {
        "boostedAt": "1649546913.6789122",
        "boostFinishAt": "1652138913.6789122"
    },
    "OTQ5MDU1ODE4NTQyNzYwMDM4.YiE2LA.Kxsmm8uxNa0TX6iSjaa4AMnnpAY": {
        "boostedAt": "1649546945.3355758",
        "boostFinishAt": "1652138945.3355758"
    },
    "OTQ5MDU2NzI3NjA3ODIwMzY4.YiE2CA.o9zHuWBDPB5WT1iol8_2pEwFmB8": {
        "boostedAt": "1649546959.0073123",
        "boostFinishAt": "1652138959.0073123"
    },
    "OTQ5MDU3MzU5NzQ4MTYxNTY3.YiE1_g.Gf_jIAxaGlYRSUs_hdew7IXPVMY": {
        "boostedAt": "1649546981.6790953",
        "boostFinishAt": "1652138981.6790953"
    },
    "OTQ5MDU2ODcyMzM2NDc0MTgz.YiE15Q.hUbmTVSUbeW1Xu9vnSCQ02NGqcs": {
        "boostedAt": "1649546985.6632507",
        "boostFinishAt": "1652138985.6632507"
    },
    "OTQ5MDU0OTAyNDE0NTA4MTAy.YiE12w.kfx9QQyOwXcyFr5QOAdrzKBWUA4": {
        "boostedAt": "1649546989.6943996",
        "boostFinishAt": "1652138989.6943996"
    },
    "OTQ5MDU2MjQxMzQ5NTU4MzAy.YlCgVg.rJkqRMRxFLEFUjgNUrXT2wnoPJ0": {
        "boostedAt": "1649546993.6166868",
        "boostFinishAt": "1652138993.6166868"
    },
    "OTUwMDUxOTkxNjc2MTQ1NzE0.YiTUdw.1sIV5fvLi-BSbl-WUdPcnj9RU1U": {
        "boostedAt": "1649547016.3196177",
        "boostFinishAt": "1652139016.3196177"
    },
    "OTUwMDQ5MjM4NDAwNzg2NTQy.YiTUXQ.4YR6s1nQ2CIxDr2Khw4hmm8VsyA": {
        "boostedAt": "1649547021.1478925",
        "boostFinishAt": "1652139021.1478925"
    },
    "OTQ3OTMzMzY5MjI2OTE5OTk2.Yh0d5g.JcvMG1FkZruc7LZlIKnVllZLR_o": {
        "boostedAt": "1649547376.6567805",
        "boostFinishAt": "1652139376.6567805"
    },
    "OTQ3OTM0MjIzMTYyMDE5OTAy.Yh0epA.5130Eaz1TIbNeqghmve-YF97bf4": {
        "boostedAt": "1649547380.9691906",
        "boostFinishAt": "1652139380.9691906"
    },
    "OTQ3OTM0Nzg3NjkwMTc2NTUy.Yh0fLw.wtLoPtXa_cZxDaaf3Ee4igQglfI": {
        "boostedAt": "1649547385.2974224",
        "boostFinishAt": "1652139385.2974224"
    },
    "OTQ3OTQ3NjQyMjg4MjQyNzg4.Yh0rLg.hGKxDVVKxkKNkfVdmUtSmgbbMt0": {
        "boostedAt": "1649547409.0161467",
        "boostFinishAt": "1652139409.0161467"
    },
    "OTQ3OTQ5OTA3NzA3MzA2MDM1.Yh0tRw.Im7xF8kTiXXS_xKC7EMMdZvxPTg": {
        "boostedAt": "1649550205.6659005",
        "boostFinishAt": "1652142205.6659005"
    },
    "OTQ3OTU0MTI3NDc5MTExNzAx.Yh0xTw.LmG3j5oaal-PTlgoFTpf6pAVRk4": {
        "boostedAt": "1649550210.0410168",
        "boostFinishAt": "1652142210.0410168"
    },
    "OTQ3NzQ3MjA1NTY4MTU5Nzg1.Yhx0FA.V0i8By1b3VSytFx6ZBsPmwAss0U": {
        "boostedAt": "1649550225.4474778",
        "boostFinishAt": "1652142225.4474778"
    },
    "OTM0MzE5ODA1NjM5NTgxNzY2.Yg0bgg.nWqirNJpCxy3EtiHqKOENvJ8QOU": {
        "boostedAt": "1649550240.884555",
        "boostFinishAt": "1652142240.884555"
    },
    "OTM0MzEzOTM2NzgwNjYwNzQ2.YhHWIQ.t0Nhm4RiKvmJ6qZTGMFtd6JptGE": {
        "boostedAt": "1649550256.4005995",
        "boostFinishAt": "1652142256.4005995"
    },
    "OTM0Mzg0MDE0NTM2NjA1Nzg2.YgXrhg.4R1hwawj4KAvDH91w15MuzuoOds": {
        "boostedAt": "1649550260.681784",
        "boostFinishAt": "1652142260.681784"
    },
    "OTM0Mzg0MjE3NDczODMwOTYz.YhHi9A.15gBmzYJqxJh7uIEep-VF2PP8qo": {
        "boostedAt": "1649550264.8694882",
        "boostFinishAt": "1652142264.8694882"
    },
    "OTM0Mzg0MjkzMjE0NTU2MjIx.YhReXQ.lkMbL4HQSu9roFbcixRaP8xjLpA": {
        "boostedAt": "1649550269.3377514",
        "boostFinishAt": "1652142269.3377514"
    },
    "OTM0Mzg0MjMxMzk4OTMyNTEw.YhYRsg.9sVnmdtkA0yoqG9mP95xr3BpYGE": {
        "boostedAt": "1649556895.9576025",
        "boostFinishAt": "1652148895.9576025"
    },
    "OTM0Mzg0MTA4MzkyNTU4NTkz.YhQn5A.-GSibSkqI6GzFQc58bYXuf43Jr8": {
        "boostedAt": "1649556919.0985074",
        "boostFinishAt": "1652148919.0985074"
    },
    "OTM0Mzg0MTEyMzU2MTkyMjU3.YgrvXQ.kPD5M_UiJLXGF7jVjLR6pdz-LWg": {
        "boostedAt": "1649556923.019895",
        "boostFinishAt": "1652148923.019895"
    },
    "OTM0Mzg0MTYxMDU2MjYwMTE2.YhXuUw.DBfXCmZ-zW70fjkow5maKrRZMgM": {
        "boostedAt": "1649556945.6138291",
        "boostFinishAt": "1652148945.6138291"
    },
    "OTM0Mzg0Mzc2MDY0NjQ3MTc4.YgYruA.frfKRbIYLBvkhpxsN5PxcNRkDns": {
        "boostedAt": "1649556949.551229",
        "boostFinishAt": "1652148949.551229"
    },
    "OTM0Mzg0MzEyMDU5NTY4MTM4.YgziZA.SoSpsNSHtO9Pmd52BDYbeGkizew": {
        "boostedAt": "1649556972.1608484",
        "boostFinishAt": "1652148972.1608484"
    },
    "OTM0Mzg0NDU3MDE0NzI2Njk2.YhInCw.hEvbCyBcwjlfBsX-aOSrnp4LPPQ": {
        "boostedAt": "1649556994.6921406",
        "boostFinishAt": "1652148994.6921406"
    },
    "OTM0Mzg0NjYxNzEzNTIyNzI5.YgsmjA.5mmYNDVGkSuVTiS-bu0VDydBi5w": {
        "boostedAt": "1649556998.5982964",
        "boostFinishAt": "1652148998.5982964"
    },
    "OTM0Mzg0NTk4MjgzMDkxOTc4.YgzXMw.li4Ng78MMhgYErLSxz3MyhnxJ48": {
        "boostedAt": "1649557003.7228289",
        "boostFinishAt": "1652149003.7228289"
    },
    "OTM0Mzg0NTYwOTM2OTg0NTk2.YhYBoA.B2mr_IxBDc97-wYdUpY5_rP9Z5k": {
        "boostedAt": "1649557026.0044649",
        "boostFinishAt": "1652149026.0044649"
    },
    "OTM0Mzg0Nzc1OTMyODMzODIz.YhOkDg.yklsUy0d572M2nGDIpJj_5rJUSE": {
        "boostedAt": "1649557029.9263449",
        "boostFinishAt": "1652149029.9263449"
    },
    "OTM0Mzg0Nzk5MzI0NDYzMTM1.YhRd0Q.ma8mxeG-NePM4MGMKm8nXZHKKcU": {
        "boostedAt": "1649557071.2542176",
        "boostFinishAt": "1652149071.2542176"
    },
    "OTM0Mzg0NzU3NzcxNDkzMzc2.YhYGBg.NniIOJ8s-wdUIa24jHSAN6-tiww": {
        "boostedAt": "1649605285.9518142",
        "boostFinishAt": "1652197285.9987037"
    },
    "OTM0Mzg0ODc5NjU3OTUxMjgy.YhIfGg.O8iThcJDqZbHPZblCRhO-cDHZho": {
        "boostedAt": "1649615958.9188578",
        "boostFinishAt": "1652207958.9188578"
    },
    "OTM0Mzg0ODE0NTQ1NTcxODgw.YhX_cg.tbqIk93I2fASzVzAV5T1Z4vUD2k": {
        "boostedAt": "1649624705.9632714",
        "boostFinishAt": "1652216705.9632714"
    }
}